domain,ari,n_tokens
animals,-0.0053483443036082086,238
foods,-0.008577486934493792,256
colours,0.10853187970845839,41
body-parts,0.024766292195809385,177
