domain,k,silhouette,n_words
animals,6,0.27605469595217935,21
foods,2,0.29695313715469696,3
colours,4,0.35842416948416844,10
body-parts,2,0.6201827525898396,5
